Carimbo de data/hora;NOME DO CONTRIBUINTE;CPF;Data de Atendimento;Tipo de usuário dos serviços;O atendimento prestado foi conclusivo?;Tipo de Atendimento;Se respondeu outro, especifique aqui;Pontuação;Se houver, quantas folhas foram impressas:;IDADE;SEXO;MUNICÍPIO DE RESIDÊNCIA
11/02/2023 14:11:00;Ana Costa 0;766.616.807-81;11/02/2023;Pessoa Física;Sim;Declaração do IRPF dos anos anteriores;;;3;27;FEMININO;Quatis
29/06/2023 08:03:00;Juliana Ribeiro 1;147.846.964-88;29/06/2023;Pessoa Jurídica;Sim;Outro:;DASN MEI;;0;61;MASCULINO;Quatis
20/11/2023 16:19:00;João Silva 2;420.605.340-48;20/11/2023;Pessoa Jurídica;Sim;Declaração do IRPF dos anos anteriores;;;0;75;FEMININO;Quatis
04/09/2023 12:42:00;Marcos Rocha 3;753.765.596-90;04/09/2023;Pessoa Jurídica;Sim;Declaração de MEI;;;0;60;FEMININO;Porto Real
29/06/2023 14:14:00;Lucas Mendes 4;427.333.397-89;29/06/2023;Pessoa Jurídica;Sim;Abertura de MEI;;;2;50;MASCULINO;Barra Mansa
20/01/2023 13:59:00;Pedro Santos 5;117.702.661-24;20/01/2023;Pessoa Jurídica;Sim;Declaração Anual ou Retificadora e informação sobre IRPF, Emissão de DARF;;;0;31;MASCULINO;Porto Real
04/01/2023 17:45:00;Juliana Ribeiro 6;203.970.345-80;04/01/2023;Pessoa Jurídica;Não;Declaração do IRPF dos anos anteriores;;;10;18;MASCULINO;Porto Real
27/09/2023 11:47:00;João Silva 7;373.912.177-63;27/09/2023;Pessoa Jurídica;Sim;Outro:;Conferência e compensação de multa;;0;32;FEMININO;Quatis
08/01/2023 10:26:00;Pedro Santos 8;488.337.614-76;08/01/2023;Pessoa Física;Não;Declaração Anual ou Retificadora e informação sobre IRPF;;;0;42;MASCULINO;Resende
30/01/2023 12:42:00;Maria Oliveira 9;345.614.718-83;30/01/2023;Pessoa Jurídica;Sim;Compensação de Multa;;;0;27;FEMININO;Barra Mansa
27/09/2023 09:07:00;Fernanda Alves 10;111.152.317-18;27/09/2023;Pessoa Jurídica;Sim;Declaração de MEI;;;2;38;MASCULINO;Quatis
29/09/2023 11:23:00;Marcos Rocha 11;835.765.903-92;29/09/2023;Pessoa Jurídica;Sim;Compensação de Multa;;;0;36;MASCULINO;Resende
24/08/2023 14:51:00;Lucas Mendes 12;541.406.626-89;24/08/2023;Pessoa Física;Sim;Outro:;irpf 2024;;0;31;FEMININO;Itatiaia
22/04/2023 15:47:00;Maria Oliveira 13;647.918.390-38;22/04/2023;Pessoa Jurídica;Sim;Declaração Anual ou Retificadora e informação sobre IRPF;;;0;55;FEMININO;Resende
22/08/2023 09:04:00;Carlos Souza 14;587.373.286-21;22/08/2023;Pessoa Jurídica;Não;Outro:;;;2;42;MASCULINO;Volta Redonda
03/12/2023 08:42:00;Ana Costa 15;185.191.597-69;03/12/2023;Pessoa Física;Sim;Declaração de MEI;;;0;73;MASCULINO;Resende
10/06/2023 17:18:00;João Silva 16;112.282.141-56;10/06/2023;Pessoa Jurídica;Não;Declaração Anual ou Retificadora e informação sobre IRPF;;;0;55;FEMININO;Porto Real
26/07/2023 15:33:00;Fernanda Alves 17;980.198.307-18;26/07/2023;Pessoa Jurídica;Sim;Outro:;Declaração Retificadora;;10;37;FEMININO;Resende
29/04/2023 16:56:00;Lucas Mendes 18;481.204.808-28;29/04/2023;Pessoa Jurídica;Não;Compensação de Multa;;;0;57;FEMININO;Barra Mansa
31/08/2023 17:38:00;João Silva 19;691.861.613-74;31/08/2023;Pessoa Jurídica;Sim;Auxílio à elaboração e orientações sobre a Declaração de Ajuste Anual do IRPF, Outro:;Conferência e compensação de multa;;1;31;MASCULINO;Barra Mansa
28/06/2023 08:28:00;Paula Lima 20;153.336.133-62;28/06/2023;Pessoa Física;Sim;Declaração do IRPF dos anos anteriores;;;3;28;MASCULINO;Volta Redonda
08/08/2023 08:27:00;Fernanda Alves 21;426.591.456-30;08/08/2023;Pessoa Física;Sim;Abertura de MEI;;;2;44;MASCULINO;Resende
21/02/2023 10:58:00;Juliana Ribeiro 22;840.385.410-16;21/02/2023;Pessoa Jurídica;Sim;Outro:;;;2;73;MASCULINO;Itatiaia
15/07/2023 08:41:00;Marcos Rocha 23;337.441.785-37;15/07/2023;Pessoa Física;Sim;Emissão de DARF;;;2;69;FEMININO;Porto Real
30/11/2023 17:49:00;Pedro Santos 24;211.788.285-31;30/11/2023;Pessoa Jurídica;Sim;Auxílio à elaboração e orientações sobre a Declaração de Ajuste Anual do IRPF;;;0;67;FEMININO;Volta Redonda
03/12/2023 09:38:00;Marcos Rocha 25;865.200.678-69;03/12/2023;Pessoa Jurídica;Sim;Emissão de DARF;;;3;18;MASCULINO;Quatis
13/04/2023 14:00:00;Ana Costa 26;986.746.125-67;13/04/2023;Pessoa Jurídica;Sim;Declaração de MEI;;;2;61;MASCULINO;Porto Real
26/02/2023 09:24:00;Pedro Santos 27;421.236.769-21;26/02/2023;Pessoa Física;Sim;Declaração Anual ou Retificadora e informação sobre IRPF;;;2;70;FEMININO;Resende
24/09/2023 17:22:00;Pedro Santos 28;969.466.801-84;24/09/2023;Pessoa Física;Sim;Emissão de DARF;;;0;46;MASCULINO;Itatiaia
24/02/2023 15:16:00;Pedro Santos 29;628.344.197-37;24/02/2023;Pessoa Física;Não;Declaração do IRPF dos anos anteriores;;;0;35;MASCULINO;Resende
17/04/2023 16:48:00;Fernanda Alves 30;712.646.827-40;17/04/2023;Pessoa Jurídica;Sim;Abertura de MEI;;;0;28;FEMININO;Itatiaia
16/03/2023 09:34:00;Maria Oliveira 31;433.621.982-43;16/03/2023;Pessoa Jurídica;Sim;Outro:;Declaração Retificadora;;0;21;MASCULINO;Porto Real
28/09/2023 09:44:00;Maria Oliveira 32;910.554.717-88;28/09/2023;Pessoa Física;Sim;Compensação de Multa;;;0;25;FEMININO;Porto Real
11/02/2023 13:57:00;Maria Oliveira 33;964.419.437-21;11/02/2023;Pessoa Jurídica;Sim;Compensação de Multa;;;1;20;MASCULINO;Resende
24/03/2023 15:18:00;Pedro Santos 34;250.416.393-60;24/03/2023;Pessoa Jurídica;Não;Declaração de MEI;;;0;43;MASCULINO;Resende
05/06/2023 10:56:00;João Silva 35;331.867.448-95;05/06/2023;Pessoa Jurídica;Sim;Abertura de MEI;;;10;69;MASCULINO;Resende
01/02/2023 15:02:00;Ana Costa 36;274.127.718-88;01/02/2023;Pessoa Física;Sim;Compensação de Multa;;;3;48;FEMININO;Barra Mansa
13/06/2023 12:00:00;Lucas Mendes 37;917.953.292-42;13/06/2023;Pessoa Física;Não;Declaração de MEI;;;0;35;MASCULINO;Itatiaia
15/04/2023 08:26:00;Fernanda Alves 38;457.358.864-55;15/04/2023;Pessoa Jurídica;Sim;Declaração do IRPF dos anos anteriores;;;2;34;FEMININO;Itatiaia
26/06/2023 15:44:00;João Silva 39;129.669.238-74;26/06/2023;Pessoa Jurídica;Sim;Declaração Anual ou Retificadora e informação sobre IRPF;;;10;23;FEMININO;Resende
22/12/2023 14:14:00;Maria Oliveira 40;520.294.967-98;22/12/2023;Pessoa Jurídica;Sim;Outro:;;;0;31;MASCULINO;Quatis
08/12/2023 13:12:00;Lucas Mendes 41;574.889.214-11;08/12/2023;Pessoa Jurídica;Não;Declaração Anual ou Retificadora e informação sobre IRPF;;;1;62;MASCULINO;Resende
15/04/2023 13:13:00;Lucas Mendes 42;190.342.737-55;15/04/2023;Pessoa Física;Não;Declaração do IRPF dos anos anteriores;;;3;25;FEMININO;Volta Redonda
03/06/2023 12:37:00;Marcos Rocha 43;314.560.378-37;03/06/2023;Pessoa Física;Sim;Emissão de DARF;;;2;28;MASCULINO;Resende
19/01/2023 13:41:00;João Silva 44;670.248.575-13;19/01/2023;Pessoa Jurídica;Sim;Outro:;INSS;;2;57;FEMININO;Itatiaia
04/03/2023 17:06:00;João Silva 45;166.484.106-74;04/03/2023;Pessoa Jurídica;Sim;Auxílio à elaboração e orientações sobre a Declaração de Ajuste Anual do IRPF;;;5;65;MASCULINO;Volta Redonda
04/09/2023 09:06:00;Lucas Mendes 46;466.554.567-21;04/09/2023;Pessoa Física;Sim;Declaração de MEI;;;0;51;FEMININO;Quatis
13/02/2023 11:55:00;Fernanda Alves 47;400.630.640-70;13/02/2023;Pessoa Física;Sim;Declaração do IRPF dos anos anteriores;;;1;39;FEMININO;Volta Redonda
11/07/2023 17:32:00;Carlos Souza 48;488.484.416-69;11/07/2023;Pessoa Jurídica;Sim;Declaração de MEI;;;0;53;MASCULINO;Porto Real
10/12/2023 13:39:00;Marcos Rocha 49;704.451.211-83;10/12/2023;Pessoa Física;Não;Emissão de DARF;;;0;44;FEMININO;Porto Real
07/10/2023 12:25:00;Maria Oliveira 50;978.693.325-70;07/10/2023;Pessoa Física;Não;Auxílio à elaboração e orientações sobre a Declaração de Ajuste Anual do IRPF;;;1;25;MASCULINO;Resende
30/01/2023 16:55:00;Fernanda Alves 51;768.253.565-76;30/01/2023;Pessoa Física;Sim;Abertura de MEI;;;2;48;FEMININO;Volta Redonda
14/10/2023 10:39:00;Marcos Rocha 52;489.287.301-86;14/10/2023;Pessoa Física;Sim;Compensação de Multa;;;2;50;FEMININO;Porto Real
16/11/2023 15:31:00;Paula Lima 53;735.567.658-94;16/11/2023;Pessoa Jurídica;Sim;Outro:;INSS;;3;53;FEMININO;Resende
31/01/2023 14:53:00;Carlos Souza 54;254.236.444-87;31/01/2023;Pessoa Física;Sim;Declaração Anual ou Retificadora e informação sobre IRPF, Emissão de DARF;;;1;38;MASCULINO;Quatis
13/09/2023 16:54:00;Paula Lima 55;756.806.809-47;13/09/2023;Pessoa Física;Sim;Declaração Anual ou Retificadora e informação sobre IRPF;;;2;73;MASCULINO;Quatis
09/02/2023 15:05:00;Carlos Souza 56;312.813.240-71;09/02/2023;Pessoa Física;Sim;Abertura de MEI;;;1;75;MASCULINO;Itatiaia
09/08/2023 17:49:00;Ana Costa 57;723.736.518-26;09/08/2023;Pessoa Física;Sim;Outro:;irpf 2024;;0;30;MASCULINO;Porto Real
08/03/2023 15:56:00;Juliana Ribeiro 58;602.104.221-40;08/03/2023;Pessoa Física;Sim;Emissão de DARF;;;1;70;FEMININO;Barra Mansa
21/03/2023 12:37:00;Pedro Santos 59;372.555.616-93;21/03/2023;Pessoa Jurídica;Sim;Auxílio à elaboração e orientações sobre a Declaração de Ajuste Anual do IRPF, Outro:;PARCELAMENTO;;1;34;FEMININO;Barra Mansa
15/05/2023 11:36:00;Maria Oliveira 60;591.310.790-69;15/05/2023;Pessoa Física;Sim;Declaração Anual ou Retificadora e informação sobre IRPF;;;0;48;MASCULINO;Barra Mansa
28/11/2023 14:04:00;Marcos Rocha 61;572.369.120-67;28/11/2023;Pessoa Física;Sim;Emissão de DARF;;;3;72;MASCULINO;Porto Real
12/11/2023 16:40:00;Juliana Ribeiro 62;718.934.421-24;12/11/2023;Pessoa Jurídica;Sim;Outro:;Declaração Retificadora;;2;26;FEMININO;Quatis
04/11/2023 13:55:00;Lucas Mendes 63;857.787.683-33;04/11/2023;Pessoa Jurídica;Sim;Outro:;irpf 2024;;3;73;FEMININO;Porto Real
19/01/2023 14:26:00;João Silva 64;942.954.303-69;19/01/2023;Pessoa Física;Sim;Abertura de MEI;;;0;49;MASCULINO;Porto Real
17/07/2023 08:43:00;Marcos Rocha 65;367.508.706-20;17/07/2023;Pessoa Jurídica;Sim;Compensação de Multa;;;5;18;MASCULINO;Barra Mansa
16/10/2023 08:12:00;Carlos Souza 66;915.310.408-84;16/10/2023;Pessoa Jurídica;Sim;Outro:;Emissão de DARF;;0;22;FEMININO;Itatiaia
16/01/2023 14:12:00;Pedro Santos 67;411.744.379-19;16/01/2023;Pessoa Jurídica;Sim;Declaração Anual ou Retificadora e informação sobre IRPF, Emissão de DARF;;;1;60;FEMININO;Volta Redonda
29/05/2023 11:32:00;Lucas Mendes 68;353.365.461-31;29/05/2023;Pessoa Jurídica;Sim;Auxílio à elaboração e orientações sobre a Declaração de Ajuste Anual do IRPF;;;0;23;FEMININO;Volta Redonda
05/05/2023 12:28:00;João Silva 69;878.190.489-29;05/05/2023;Pessoa Jurídica;Sim;Declaração Anual ou Retificadora e informação sobre IRPF;;;10;39;FEMININO;Porto Real
16/02/2023 11:53:00;Lucas Mendes 70;641.905.611-18;16/02/2023;Pessoa Física;Sim;Declaração do IRPF dos anos anteriores;;;0;66;FEMININO;Resende
19/01/2023 08:25:00;Maria Oliveira 71;132.684.691-24;19/01/2023;Pessoa Jurídica;Sim;Outro:;INSS;;10;19;MASCULINO;Quatis
10/01/2023 11:04:00;Paula Lima 72;773.289.688-59;10/01/2023;Pessoa Jurídica;Sim;Abertura de MEI;;;2;75;MASCULINO;Volta Redonda
14/02/2023 16:46:00;Carlos Souza 73;983.266.787-80;14/02/2023;Pessoa Física;Não;Compensação de Multa;;;1;21;FEMININO;Volta Redonda
13/06/2023 08:09:00;Fernanda Alves 74;264.625.778-13;13/06/2023;Pessoa Jurídica;Sim;Auxílio à elaboração e orientações sobre a Declaração de Ajuste Anual do IRPF, Outro:;Emissão de DARF;;1;27;MASCULINO;Quatis
06/08/2023 11:33:00;Maria Oliveira 75;456.471.155-55;06/08/2023;Pessoa Jurídica;Sim;Emissão de DARF;;;2;38;MASCULINO;Quatis
20/12/2023 09:41:00;João Silva 76;149.762.888-30;20/12/2023;Pessoa Jurídica;Sim;Declaração Anual ou Retificadora e informação sobre IRPF;;;5;69;FEMININO;Resende
23/01/2023 13:46:00;Maria Oliveira 77;474.372.848-67;23/01/2023;Pessoa Jurídica;Sim;Emissão de DARF;;;0;72;MASCULINO;Resende
07/06/2023 08:01:00;Ana Costa 78;170.623.887-17;07/06/2023;Pessoa Física;Não;Emissão de DARF;;;0;18;MASCULINO;Barra Mansa
05/07/2023 11:42:00;Lucas Mendes 79;725.464.310-22;05/07/2023;Pessoa Jurídica;Não;Auxílio à elaboração e orientações sobre a Declaração de Ajuste Anual do IRPF;;;1;27;MASCULINO;Resende
30/11/2023 09:02:00;Maria Oliveira 80;636.849.161-17;30/11/2023;Pessoa Física;Sim;Abertura de MEI;;;10;26;FEMININO;Barra Mansa
13/10/2023 17:16:00;Paula Lima 81;715.783.495-56;13/10/2023;Pessoa Jurídica;Sim;Auxílio à elaboração e orientações sobre a Declaração de Ajuste Anual do IRPF;;;0;73;MASCULINO;Porto Real
11/08/2023 08:16:00;Paula Lima 82;397.852.802-76;11/08/2023;Pessoa Jurídica;Sim;Auxílio à elaboração e orientações sobre a Declaração de Ajuste Anual do IRPF, Outro:;.;;2;28;MASCULINO;Porto Real
21/01/2023 16:58:00;Carlos Souza 83;739.924.639-25;21/01/2023;Pessoa Jurídica;Sim;Abertura de MEI;;;3;56;MASCULINO;Volta Redonda
24/11/2023 16:40:00;Lucas Mendes 84;798.620.447-36;24/11/2023;Pessoa Jurídica;Sim;Emissão de DARF;;;10;47;MASCULINO;Barra Mansa
14/03/2023 16:54:00;Paula Lima 85;585.823.681-45;14/03/2023;Pessoa Física;Sim;Emissão de DARF;;;1;69;FEMININO;Resende
15/06/2023 17:45:00;Juliana Ribeiro 86;877.319.545-80;15/06/2023;Pessoa Jurídica;Sim;Declaração do IRPF dos anos anteriores;;;2;22;FEMININO;Itatiaia
14/05/2023 11:06:00;Maria Oliveira 87;372.385.665-75;14/05/2023;Pessoa Jurídica;Sim;Abertura de MEI;;;3;64;FEMININO;Itatiaia
09/10/2023 16:23:00;Juliana Ribeiro 88;697.122.749-53;09/10/2023;Pessoa Jurídica;Sim;Abertura de MEI;;;5;35;FEMININO;Barra Mansa
02/11/2023 09:48:00;Paula Lima 89;836.131.663-21;02/11/2023;Pessoa Jurídica;Não;Declaração Anual ou Retificadora e informação sobre IRPF, Emissão de DARF;;;2;43;FEMININO;Barra Mansa
26/02/2023 13:54:00;Juliana Ribeiro 90;858.117.423-54;26/02/2023;Pessoa Jurídica;Sim;Abertura de MEI;;;0;24;MASCULINO;Porto Real
17/10/2023 13:58:00;Ana Costa 91;857.928.404-98;17/10/2023;Pessoa Jurídica;Sim;Auxílio à elaboração e orientações sobre a Declaração de Ajuste Anual do IRPF;;;2;62;MASCULINO;Resende
05/11/2023 08:58:00;Ana Costa 92;828.301.861-46;05/11/2023;Pessoa Física;Sim;Auxílio à elaboração e orientações sobre a Declaração de Ajuste Anual do IRPF, Outro:;Declaração Retificadora;;1;51;FEMININO;Quatis
16/05/2023 10:09:00;Lucas Mendes 93;198.973.978-73;16/05/2023;Pessoa Jurídica;Sim;Declaração Anual ou Retificadora e informação sobre IRPF;;;1;39;FEMININO;Barra Mansa
19/07/2023 15:16:00;Juliana Ribeiro 94;944.534.317-18;19/07/2023;Pessoa Jurídica;Sim;Auxílio à elaboração e orientações sobre a Declaração de Ajuste Anual do IRPF;;;1;73;MASCULINO;Quatis
26/10/2023 09:55:00;João Silva 95;252.208.855-90;26/10/2023;Pessoa Jurídica;Sim;Declaração do IRPF dos anos anteriores;;;2;37;MASCULINO;Quatis
01/09/2023 08:18:00;Carlos Souza 96;583.714.158-64;01/09/2023;Pessoa Jurídica;Não;Emissão de DARF;;;3;29;FEMININO;Barra Mansa
09/11/2023 17:00:00;Fernanda Alves 97;224.586.549-51;09/11/2023;Pessoa Jurídica;Sim;Declaração de MEI;;;2;25;FEMININO;Volta Redonda
06/03/2023 09:31:00;Pedro Santos 98;424.437.412-63;06/03/2023;Pessoa Jurídica;Não;Declaração de MEI;;;1;19;FEMININO;Porto Real
20/11/2023 13:34:00;Carlos Souza 99;183.904.798-62;20/11/2023;Pessoa Física;Sim;Compensação de Multa;;;0;29;FEMININO;Volta Redonda
15/07/2024 10:21:00;Igor Souza;878.906.536-54;15/07/2024;Pessoa Física;Não;Emissão de DARF, Declaração Anual ou Retificadora e informação sobre IRPF;;;0;42;MASCULINO;Barra Mansa
07/01/2025 16:49:00;Bruno Ferreira;164.507.973-58;07/01/2025;Pessoa Física;Sim;Auxílio à elaboração e orientações sobre a Declaração de Ajuste Anual do IRPF;;;1;64;FEMININO;Quatis
03/10/2025 14:02:00;Igor Silva;249.497.100-34;03/10/2025;Pessoa Física;Sim;Abertura de MEI, Outro:;12;;10;56;MASCULINO;Quatis
06/07/2024 14:40:00;Igor Silva;908.435.597-90;06/07/2024;Pessoa Jurídica;Sim;Abertura de MEI;;;1;66;FEMININO;Barra Mansa
27/12/2023 11:34:00;Eduardo Alves;461.350.606-25;27/12/2023;Pessoa Física;Sim;Emissão de DARF;;;1;25;FEMININO;Porto Real
12/06/2024 10:24:00;Gabriel Silva;378.167.319-58;12/06/2024;Pessoa Física;Sim;Emissão de DARF, Declaração Anual ou Retificadora e informação sobre IRPF;;;0;31;FEMININO;Resende
24/02/2023 17:35:00;Julia Santos;469.761.503-49;24/02/2023;Pessoa Jurídica;Não;Outro:;senha do ecac;;2;65;FEMININO;Porto Real
26/04/2025 10:04:00;Carlos Alves;490.871.306-69;26/04/2025;Pessoa Jurídica;Sim;Declaração de MEI;;;0;41;MASCULINO;Resende
16/09/2025 08:35:00;Gabriel Ferreira;189.620.354-99;16/09/2025;Pessoa Física;Sim;Abertura de MEI, Outro:;irpf 2024;;2, 3;21;FEMININO;Volta Redonda
22/10/2025 11:32:00;Ana Alves;926.312.191-49;22/10/2025;Pessoa Física;Sim;Abertura de MEI, Outro:;RETIFICADORA;;2;68;FEMININO;Porto Real
20/07/2024 08:08:00;Carlos Santos;124.908.410-18;20/07/2024;Pessoa Física;Sim;Abertura de MEI, Outro:;irpf 2024;;0;49;MASCULINO;Itatiaia
13/11/2024 08:08:00;Eduardo Ferreira;245.541.670-68;13/11/2024;Pessoa Física;Sim;Abertura de MEI;;;2;22;MASCULINO;Barra Mansa
08/04/2024 11:36:00;Carlos Souza;329.805.101-70;08/04/2024;Pessoa Jurídica;Sim;Outro:;12;;2;68;FEMININO;Barra Mansa
17/04/2026 12:47:00;Igor Silva;644.205.109-84;17/04/2026;Pessoa Jurídica;Não;Emissão de DARF, Declaração Anual ou Retificadora e informação sobre IRPF;;;0;22;FEMININO;Resende
08/08/2024 14:14:00;Gabriel Santos;861.439.113-14;08/08/2024;Pessoa Física;Sim;Abertura de MEI, Outro:;-;;0;40;MASCULINO;Porto Real
10/05/2025 12:12:00;Bruno Alves;719.646.666-40;10/05/2025;Pessoa Física;Sim;Emissão de DARF;;;1;36;MASCULINO;Quatis
03/12/2025 15:52:00;Ana Alves;846.108.649-65;03/12/2025;Pessoa Jurídica;Sim;Emissão de DARF;;;0;53;MASCULINO;Quatis
12/01/2023 11:29:00;Daniela Lima;455.104.997-71;12/01/2023;Pessoa Física;Sim;Abertura de MEI;;;10;60;FEMININO;Volta Redonda
05/11/2024 10:48:00;Igor Ferreira;333.159.208-11;05/11/2024;Pessoa Jurídica;Sim;Abertura de MEI, Outro:;-;;0;74;MASCULINO;Resende
17/04/2024 14:39:00;Helena Costa;429.620.354-94;17/04/2024;Pessoa Jurídica;Sim;Outro:;MEU INSS;;1;27;FEMININO;Resende
08/07/2025 09:12:00;Eduardo Santos;223.167.925-50;08/07/2025;Pessoa Jurídica;Sim;Abertura de MEI, Outro:;NADA;;10;34;MASCULINO;Porto Real
12/09/2025 11:15:00;Ana Silva;538.749.191-10;12/09/2025;Pessoa Física;Sim;Declaração de MEI;;;1;25;FEMININO;Quatis
15/12/2024 09:15:00;Bruno Souza;579.940.671-86;15/12/2024;Pessoa Física;Sim;Abertura de MEI;;;2;68;MASCULINO;Itatiaia
12/11/2024 17:34:00;Ana Silva;180.457.973-22;12/11/2024;Pessoa Física;Sim;Outro:;Conta Ouro no Gov;;0;75;FEMININO;Resende
24/09/2024 09:11:00;Ana Silva;470.932.146-51;24/09/2024;Pessoa Jurídica;Sim;Outro:;12;;0;56;MASCULINO;Volta Redonda
22/02/2026 08:34:00;Julia Ferreira;576.840.407-39;22/02/2026;Pessoa Física;Sim;Outro:;-;;2;46;MASCULINO;Quatis
18/02/2026 09:59:00;Fernanda Alves;768.618.361-94;18/02/2026;Pessoa Física;Sim;Declaração Anual ou Retificadora e informação sobre IRPF;;;0;33;FEMININO;Barra Mansa
24/03/2024 14:14:00;Daniela Lima;899.709.824-78;24/03/2024;Pessoa Jurídica;Sim;Abertura de MEI, Outro:;SICALC;;0;18;MASCULINO;Resende
04/05/2024 17:09:00;Gabriel Santos;897.669.589-98;04/05/2024;Pessoa Jurídica;Sim;Abertura de MEI, Outro:;SICALC;;1;47;FEMININO;Quatis
15/09/2025 17:50:00;Eduardo Oliveira;213.116.892-26;15/09/2025;Pessoa Física;Sim;Outro:;COMPENSAÇÃO IR;;0;73;MASCULINO;Quatis
13/11/2025 15:39:00;Daniela Souza;992.839.297-76;13/11/2025;Pessoa Jurídica;Sim;Auxílio à elaboração e orientações sobre a Declaração de Ajuste Anual do IRPF;;;0;45;MASCULINO;Porto Real
26/02/2025 15:31:00;Igor Silva;617.808.572-88;26/02/2025;Pessoa Física;Sim;Auxílio à elaboração e orientações sobre a Declaração de Ajuste Anual do IRPF;;;1;66;FEMININO;Barra Mansa
03/12/2025 13:06:00;Helena Lima;891.733.911-37;03/12/2025;Pessoa Física;Sim;Abertura de MEI, Outro:;irpf 2024;;2, 3;21;FEMININO;Itatiaia
12/12/2025 13:14:00;Ana Costa;186.136.972-27;12/12/2025;Pessoa Jurídica;Sim;Abertura de MEI, Outro:;GOV PRATA;;0;34;MASCULINO;Volta Redonda
22/02/2026 15:47:00;Bruno Ferreira;779.622.784-75;22/02/2026;Pessoa Jurídica;Sim;Abertura de MEI;;;10;51;MASCULINO;Resende
24/09/2024 15:44:00;Daniela Costa;790.347.165-88;24/09/2024;Pessoa Jurídica;Sim;Abertura de MEI, Outro:;-;;0;73;FEMININO;Quatis
03/05/2026 12:49:00;Carlos Silva;544.739.384-51;03/05/2026;Pessoa Física;Sim;Emissão de DARF;;;1;52;FEMININO;Resende
26/06/2024 16:30:00;Ana Souza;635.474.340-96;26/06/2024;Pessoa Física;Sim;Abertura de MEI, Outro:;RETIFICADORA;;2;70;MASCULINO;Porto Real
06/07/2024 09:27:00;Eduardo Santos;777.925.322-29;06/07/2024;Pessoa Física;Sim;Emissão de DARF, Declaração Anual ou Retificadora e informação sobre IRPF;;;1;23;MASCULINO;Itatiaia
17/05/2025 15:39:00;Igor Silva;112.923.635-47;17/05/2025;Pessoa Física;Sim;Abertura de MEI;;;0;39;MASCULINO;Resende
23/07/2026 12:46:00;Fernanda Costa;957.514.931-15;23/07/2026;Pessoa Jurídica;Sim;Abertura de MEI, Outro:;RETIFICADORA;;0;60;MASCULINO;Volta Redonda
24/07/2023 15:56:00;Fernanda Costa;911.758.324-43;24/07/2023;Pessoa Física;Sim;Abertura de MEI, Outro:;irpf 2024;;2;57;MASCULINO;Resende
26/11/2024 14:15:00;Ana Silva;428.328.783-60;26/11/2024;Pessoa Física;Sim;Declaração de MEI;;;1 até 5;53;MASCULINO;Quatis
28/11/2023 15:58:00;Fernanda Santos;346.885.513-43;28/11/2023;Pessoa Jurídica;Sim;Emissão de DARF, Declaração Anual ou Retificadora e informação sobre IRPF;;;0;45;MASCULINO;Barra Mansa
11/02/2025 16:04:00;Eduardo Alves;445.696.867-63;11/02/2025;Pessoa Física;Sim;Emissão de DARF;;;1 até 5;55;FEMININO;Porto Real
03/12/2025 15:38:00;Julia Ferreira;710.222.846-95;03/12/2025;Pessoa Física;Não;Abertura de MEI, Outro:;12;;5;54;MASCULINO;Quatis
03/05/2026 15:33:00;Ana Ferreira;993.414.733-40;03/05/2026;Pessoa Física;Não;Outro:;RETIFICADORA;;10;38;MASCULINO;Resende
17/04/2024 17:35:00;Fernanda Alves;119.539.849-21;17/04/2024;Pessoa Jurídica;Sim;Auxílio à elaboração e orientações sobre a Declaração de Ajuste Anual do IRPF;;;1;69;MASCULINO;Barra Mansa
25/11/2025 11:37:00;Fernanda Alves;838.483.565-38;25/11/2025;Pessoa Física;Sim;Abertura de MEI;;;0;29;FEMININO;Resende
16/11/2025 09:27:00;Julia Santos;413.567.892-23;16/11/2025;Pessoa Jurídica;Sim;Declaração Anual ou Retificadora e informação sobre IRPF;;;3;38;FEMININO;Itatiaia
04/09/2025 11:15:00;Carlos Silva;512.986.353-81;04/09/2025;Pessoa Física;Sim;Emissão de DARF;;;5;74;MASCULINO;Volta Redonda
16/09/2023 15:19:00;Gabriel Silva;316.539.273-77;16/09/2023;Pessoa Física;Sim;Declaração de MEI;;;0;31;MASCULINO;Resende
08/04/2026 10:48:00;Daniela Santos;870.395.731-31;08/04/2026;Pessoa Física;Não;Emissão de DARF;;;1;57;MASCULINO;Quatis
16/06/2025 16:47:00;Daniela Lima;817.375.295-88;16/06/2025;Pessoa Física;Não;Outro:;senha do ecac;;3;46;MASCULINO;Quatis
28/11/2023 11:03:00;Bruno Silva;774.223.364-58;28/11/2023;Pessoa Física;Sim;Abertura de MEI;;;1;41;MASCULINO;Volta Redonda
22/08/2024 16:51:00;Igor Alves;581.332.992-62;22/08/2024;Pessoa Jurídica;Não;Declaração de MEI;;;3;51;FEMININO;Resende
11/02/2025 14:15:00;Gabriel Costa;634.331.603-53;11/02/2025;Pessoa Física;Não;Abertura de MEI;;;5;51;MASCULINO;Resende
26/02/2025 09:21:00;Carlos Alves;430.404.795-15;26/02/2025;Pessoa Jurídica;Não;Outro:;BAIXA DE CNPJ;;0;57;FEMININO;Barra Mansa
08/01/2024 09:34:00;Bruno Santos;551.996.182-41;08/01/2024;Pessoa Física;Sim;Abertura de MEI, Outro:;irpf 2024;;2;54;MASCULINO;Itatiaia
13/11/2023 10:42:00;Carlos Alves;409.845.890-50;13/11/2023;Pessoa Física;Sim;Emissão de DARF, Declaração Anual ou Retificadora e informação sobre IRPF;;;0;22;FEMININO;Resende
26/02/2026 09:12:00;Igor Costa;469.721.233-14;26/02/2026;Pessoa Física;Sim;Emissão de DARF;;;10;56;MASCULINO;Volta Redonda
10/08/2026 12:44:00;Carlos Souza;837.288.941-86;10/08/2026;Pessoa Jurídica;Sim;Auxílio à elaboração e orientações sobre a Declaração de Ajuste Anual do IRPF;;;1;25;MASCULINO;Volta Redonda
10/03/2025 15:42:00;Daniela Lima;195.426.657-30;10/03/2025;Pessoa Jurídica;Sim;Abertura de MEI;;;0;31;FEMININO;Volta Redonda
25/11/2026 12:47:00;Ana Souza;967.625.688-66;25/11/2026;Pessoa Jurídica;Não;Abertura de MEI, Outro:;irpf 2024;;0;48;FEMININO;Resende
27/12/2026 13:42:00;Helena Costa;414.938.647-75;27/12/2026;Pessoa Jurídica;Sim;Emissão de DARF, Declaração Anual ou Retificadora e informação sobre IRPF;;;2;67;MASCULINO;Resende
08/01/2025 15:02:00;Eduardo Costa;255.452.126-72;08/01/2025;Pessoa Jurídica;Não;Abertura de MEI;;;3;39;MASCULINO;Porto Real
12/03/2025 08:35:00;Ana Santos;350.569.231-18;12/03/2025;Pessoa Física;Sim;Emissão de DARF, Declaração Anual ou Retificadora e informação sobre IRPF;;;3;51;MASCULINO;Quatis
03/12/2024 16:53:00;Helena Alves;975.292.176-50;03/12/2024;Pessoa Física;Sim;Abertura de MEI, Outro:;NADA;;10;45;MASCULINO;Resende
26/02/2025 15:15:00;Daniela Alves;208.530.134-29;26/02/2025;Pessoa Jurídica;Não;Outro:;COMPENSAÇÃO IR;;3;46;MASCULINO;Barra Mansa
09/01/2024 09:23:00;Ana Ferreira;737.593.585-61;09/01/2024;Pessoa Física;Não;Abertura de MEI, Outro:;irpf 2024;;1;35;MASCULINO;Itatiaia
13/11/2025 09:59:00;Bruno Silva;520.170.932-35;13/11/2025;Pessoa Jurídica;Sim;Declaração de MEI;;;0;64;MASCULINO;Resende
25/11/2025 08:44:00;Igor Silva;291.684.568-15;25/11/2025;Pessoa Jurídica;Sim;Outro:;2023;;1 até 5;58;MASCULINO;Resende
01/10/2026 12:45:00;Daniela Alves;734.908.431-29;01/10/2026;Pessoa Jurídica;Sim;Emissão de DARF, Declaração Anual ou Retificadora e informação sobre IRPF;;;2;60;MASCULINO;Quatis
12/01/2024 14:05:00;Carlos Silva;921.284.148-52;12/01/2024;Pessoa Física;Sim;Emissão de DARF;;;1;58;FEMININO;Porto Real
06/05/2024 17:34:00;Gabriel Silva;386.130.686-29;06/05/2024;Pessoa Jurídica;Sim;Declaração Anual ou Retificadora e informação sobre IRPF;;;0;58;MASCULINO;Volta Redonda
26/06/2025 08:34:00;Fernanda Ferreira;205.748.169-23;26/06/2025;Pessoa Física;Sim;Abertura de MEI;;;1 até 5;43;FEMININO;Quatis
28/01/2025 15:59:00;Bruno Costa;442.274.659-19;28/01/2025;Pessoa Jurídica;Sim;Abertura de MEI, Outro:;SICALC;;0;29;FEMININO;Resende
16/09/2025 14:12:00;Helena Alves;355.859.397-59;16/09/2025;Pessoa Jurídica;Sim;Abertura de MEI, Outro:;12;;0;30;MASCULINO;Resende
04/09/2025 17:15:00;Fernanda Costa;957.511.238-66;04/09/2025;Pessoa Jurídica;Sim;Emissão de DARF;;;0;38;MASCULINO;Itatiaia
20/07/2024 11:27:00;Helena Souza;382.203.203-88;20/07/2024;Pessoa Física;Sim;Declaração Anual ou Retificadora e informação sobre IRPF;;;0;40;MASCULINO;Resende
17/04/2025 10:48:00;Bruno Silva;302.261.213-94;17/04/2025;Pessoa Jurídica;Sim;Outro:;COMPENSAÇÃO IR;;3;54;MASCULINO;Barra Mansa
03/10/2025 15:07:00;Fernanda Silva;465.178.694-82;03/10/2025;Pessoa Jurídica;Sim;Emissão de DARF, Declaração Anual ou Retificadora e informação sobre IRPF;;;0;56;MASCULINO;Volta Redonda
17/04/2025 12:47:00;Ana Ferreira;523.597.439-50;17/04/2025;Pessoa Jurídica;Sim;Declaração de MEI;;;10;57;MASCULINO;Resende
24/09/2026 12:28:00;Ana Silva;112.981.828-59;24/09/2026;Pessoa Jurídica;Sim;Outro:;parcelamento de darf;;1;45;MASCULINO;Itatiaia
17/05/2026 10:14:00;Carlos Silva;548.865.250-93;17/05/2026;Pessoa Física;Não;Outro:;Conta Ouro no Gov;;0;72;FEMININO;Porto Real
10/05/2026 10:24:00;Igor Silva;465.275.256-43;10/05/2026;Pessoa Física;Sim;Declaração de MEI;;;2;21;FEMININO;Itatiaia
03/10/2023 15:39:00;Daniela Souza;183.167.330-80;03/10/2023;Pessoa Física;Sim;Abertura de MEI, Outro:;irpf 2024;;1;25;FEMININO;Resende
25/11/2026 11:21:00;Gabriel Ferreira;147.288.756-11;25/11/2026;Pessoa Física;Não;Emissão de DARF, Declaração Anual ou Retificadora e informação sobre IRPF;;;1;69;FEMININO;Porto Real
12/09/2026 09:35:00;Bruno Silva;376.136.257-23;12/09/2026;Pessoa Jurídica;Não;Emissão de DARF, Declaração Anual ou Retificadora e informação sobre IRPF;;;1 até 5;66;MASCULINO;Barra Mansa
11/02/2024 16:53:00;Carlos Costa;382.722.569-80;11/02/2024;Pessoa Física;Sim;Declaração Anual ou Retificadora e informação sobre IRPF;;;0;35;FEMININO;Quatis
28/01/2025 08:08:00;Ana Alves;926.171.187-57;28/01/2025;Pessoa Física;Sim;Emissão de DARF;;;1;52;FEMININO;Itatiaia
23/07/2024 16:40:00;Bruno Ferreira;795.748.242-70;23/07/2024;Pessoa Jurídica;Sim;Outro:;.;;1;58;FEMININO;Volta Redonda
22/10/2026 09:40:00;Carlos Souza;372.484.773-41;22/10/2026;Pessoa Jurídica;Sim;Abertura de MEI, Outro:;NADA;;2, 3;58;MASCULINO;Itatiaia
12/06/2025 10:24:00;Ana Costa;111.455.539-75;12/06/2025;Pessoa Física;Sim;Abertura de MEI, Outro:;SICALC;;1;48;FEMININO;Barra Mansa
13/11/2026 13:41:00;Bruno Silva;895.193.303-34;13/11/2026;Pessoa Física;Sim;Abertura de MEI, Outro:;12;;1;60;MASCULINO;Itatiaia
28/11/2025 15:55:00;Carlos Alves;704.887.892-23;28/11/2025;Pessoa Física;Não;Abertura de MEI, Outro:;2023;;1;34;MASCULINO;Resende
17/04/2025 14:02:00;Helena Costa;411.399.712-42;17/04/2025;Pessoa Jurídica;Sim;Declaração Anual ou Retificadora e informação sobre IRPF;;;1;35;MASCULINO;Porto Real
12/11/2024 09:27:00;Julia Santos;920.671.300-34;12/11/2024;Pessoa Jurídica;Sim;Outro:;RETIFICADORA;;5;69;MASCULINO;Porto Real
12/01/2026 09:12:00;Eduardo Santos;205.811.599-23;12/01/2026;Pessoa Física;Não;Emissão de DARF, Declaração Anual ou Retificadora e informação sobre IRPF;;;0;35;FEMININO;Barra Mansa
17/04/2025 14:14:00;Daniela Santos;115.350.590-70;17/04/2025;Pessoa Física;Sim;Abertura de MEI, Outro:;irpf 2024;;2;54;MASCULINO;Resende